country,year,cv_total,volume_ld,volume_md,volume_hd
India,2020,750000,412500.00000000006,187500.0,150000.0
India,2021,820000,451000.00000000006,205000.0,164000.0
India,2022,900000,495000.00000000006,225000.0,180000.0
Japan,2020,420000,231000.00000000003,105000.0,84000.0
Japan,2021,450000,247500.00000000003,112500.0,90000.0
Japan,2022,480000,264000.0,120000.0,96000.0
